area,bedrooms,bathrooms,stories,parking,price
1360,5,4,3,2,4631601
4272,5,4,3,2,13384659
3592,2,2,3,2,11059623
966,4,2,2,2,3269570
4926,1,4,2,2,15104253
3944,1,2,1,0,12054175
3671,1,1,2,1,11162595
3419,2,4,1,0,10556022
630,2,2,1,0,2054396
2185,3,3,1,2,6980859
1269,1,4,2,1,4056258
2891,4,4,3,0,9145175
2933,4,3,2,2,9217280
1684,1,1,1,2,5342265
3885,1,3,1,1,11866495
4617,1,4,2,0,14075247
3404,2,1,1,0,10413975
974,2,2,1,0,3152862
1582,2,2,2,2,5018126
3058,5,2,2,1,9529261
2547,4,4,2,1,8034600
3247,4,3,1,0,10115074
1475,3,1,1,2,4597627
2306,2,2,3,0,7185597
689,5,1,3,1,2536743
3234,5,4,2,2,10187325
3505,4,2,3,0,11003685
2399,2,4,1,0,7369767
1767,3,3,3,2,5652931
2028,2,4,1,1,6248268
3702,1,4,2,2,11495684
4056,2,3,2,0,12390750
4390,1,1,1,0,13190653
1146,1,3,3,0,3667404
3388,3,3,2,0,10414359
2935,4,4,2,1,9194760
1100,2,1,3,1,3572061
2863,1,2,3,0,8859246
2561,2,3,1,1,7924266
741,4,1,3,1,2594264
2541,4,3,3,1,8023920
3324,5,3,3,0,10356415
3112,4,3,1,2,9613672
1863,3,3,1,2,5890775
1978,1,4,2,2,6228231
3056,5,1,1,0,9466069
1275,3,1,2,1,4014533
4514,2,1,3,1,13822070
534,1,3,2,0,1903465
3652,4,4,2,0,11350267
2455,1,3,3,2,7636023
2085,2,3,2,2,6561975
4443,5,1,1,0,13593781
3573,5,3,1,2,11080555
1521,5,2,1,1,4955570
3961,4,3,1,0,12262516
3113,3,2,2,0,9621645
4343,3,3,2,1,13270311
2000,1,4,3,1,6327667
661,4,4,2,1,2506369
4797,5,1,2,2,14778805
2481,5,3,2,0,7854107
1495,2,2,3,2,4761368
3842,2,2,1,1,11770067
4298,5,3,2,2,13320450
1775,5,2,3,1,5826075
1516,4,4,3,2,4995120
837,3,2,3,2,2898089
1378,2,1,1,1,4321682
1576,3,4,2,2,5195755
4493,4,4,3,0,13939473
879,5,4,1,2,3156350
992,3,3,3,2,3381431
2562,5,3,3,0,8137462
4384,5,4,3,1,13660090
564,1,3,3,0,1913429
3068,3,2,3,2,9600583
2527,3,3,1,1,7846482
3195,5,3,2,2,10050623
1995,4,4,2,2,6467760
891,1,1,2,0,2912177
4974,5,1,2,0,15290143
4061,2,1,1,1,12416060
2778,2,2,1,1,8591094
3599,1,3,1,1,10977881
700,4,1,3,2,2595390
3604,5,4,3,0,11273187
2954,3,1,3,0,9166549
4145,1,1,2,0,12667705
1304,4,3,3,1,4413472
3231,3,3,2,0,10013716
3273,2,3,3,0,10178520
2070,2,2,2,0,6438801
3190,3,2,3,1,9895566
4340,1,1,3,0,13159360
1528,2,3,1,1,4870194
1002,5,1,3,0,3447461
4993,3,4,3,0,15340605
1370,3,4,1,0,4433405
4988,2,3,2,1,15386549
706,1,3,1,1,2375334
1984,5,4,1,0,6316925
1363,1,3,2,2,4399078
3290,4,2,3,1,10225156
1063,4,2,2,1,3404239
4691,2,3,3,0,14381979
2257,2,4,3,2,7229160
2178,2,1,2,0,6813872
3742,4,3,1,1,11594861
1559,1,3,2,1,4889913
2222,1,1,3,0,6890322
3814,2,3,2,0,11698541
3657,5,1,2,2,11345317
3125,1,4,3,2,9758100
3229,4,2,1,1,9980698
2097,3,4,2,2,6737361
3560,3,2,3,2,11020390
3193,3,1,3,1,10001924
4127,5,2,2,1,12708968
1863,2,4,1,1,5821161
2481,4,2,2,1,7795231
2163,5,1,1,0,6709797
2029,4,2,1,1,6278450
2538,4,3,1,1,7865229
3802,2,4,1,1,11671395
2737,3,3,2,2,8557664
1806,2,1,3,1,5704649
4529,5,2,3,0,14007149
3175,5,3,3,0,9999975
1782,5,3,3,1,5803489
1209,2,2,3,0,3942740
4913,4,2,3,2,15188715
4248,4,4,2,1,13147665
1163,1,3,1,0,3695650
2498,5,3,3,0,7944467
3945,4,1,2,1,12088883
4243,1,4,3,0,13064224
1995,4,1,3,1,6309659
3804,5,3,1,0,11836691
4263,3,1,1,2,13065201
2353,5,3,1,0,7434773
1791,2,3,3,0,5589150
4081,4,1,3,1,12689987
3957,4,1,3,0,12202844
2136,2,2,1,1,6659728
4196,2,2,2,2,12862301
3499,3,2,3,1,10833428
3652,4,3,3,1,11395640
1198,4,1,3,0,3945328
2660,3,4,2,2,8356650
4597,1,3,3,1,14068234
1354,3,4,2,0,4433353
3974,5,1,3,0,12346890
2207,4,3,2,1,7013167
3277,2,4,3,0,10202046
2233,5,4,1,1,7107796
4010,4,2,1,1,12461244
702,3,2,1,1,2450279
3755,5,2,1,2,11693122
4718,4,3,3,1,14486920
4996,1,1,1,0,15138300
1266,1,1,2,2,3981168
4889,2,2,1,0,14818065
2827,4,2,1,2,8802895
3431,1,2,1,2,10439608
697,3,4,3,2,2546340
2430,4,2,1,2,7710799
4082,3,4,2,0,12637301
1108,3,1,1,1,3702126
3772,1,3,1,0,11418319
1647,4,3,1,1,5265698
4782,5,3,2,0,14718848
3897,1,3,1,2,11972468
3011,1,4,2,2,9311972
2294,4,4,2,1,7311475
1159,4,2,1,1,3828684
3311,3,4,2,0,10210260
1869,4,2,3,1,5975932
2486,3,2,1,0,7757863
646,1,3,1,1,2110595
3719,2,4,2,1,11391317
3411,5,4,2,1,10657886
2234,1,2,1,2,6877686
2343,4,2,3,2,7457338
988,5,1,2,0,3320459
3476,2,1,2,1,10627289
2459,2,2,3,0,7703965
2885,3,1,3,1,8968546
3419,5,1,1,2,10627470
2302,3,2,3,2,7247952
4561,1,2,1,1,13928447
3869,5,4,3,1,12097418
762,1,2,2,2,2519734
1123,3,2,1,2,3710749
1516,5,3,1,0,4942002
4143,3,4,1,2,12791754
2549,5,4,3,1,8058317
4223,3,4,2,0,13053031
3608,2,3,1,1,11076779
4590,3,2,1,0,14047078
2556,2,4,1,1,7957160
3670,3,4,1,2,11332042
2182,5,1,2,1,6970715
2755,5,4,3,0,8764906
1654,5,2,2,1,5307530
4999,4,2,1,0,15362425
3691,1,1,2,1,11181476
2196,5,4,1,2,7083046
4491,2,4,3,2,13927346
2148,5,4,3,1,6898685
1945,4,3,3,1,6258861
4699,2,4,1,1,14366202
4423,4,2,2,0,13600451
753,2,2,3,1,2650511
3683,3,3,1,1,11294264
3057,1,3,1,0,9335671
598,1,4,2,2,2159166
2700,4,1,3,1,8453852
3461,1,3,1,1,10536211
4933,4,3,2,2,15222150
4277,4,4,3,2,13351282
3369,4,4,2,0,10487357
3734,1,3,2,1,11469718
4291,4,1,1,1,13094169
1456,1,3,1,0,4481948
4567,4,4,1,2,14078995
660,5,4,2,0,2459500
4993,4,3,1,2,15387074
1800,2,1,2,0,5550899
4487,4,3,2,2,13907221
2027,3,3,1,0,6369325
1718,4,4,3,2,5590039
4996,2,1,3,2,15211290
3604,2,2,3,2,11143491
3235,1,1,2,2,9969478
1454,5,3,2,2,4823776
3946,4,3,2,1,12181253
1545,1,3,1,2,4761598
2193,5,1,2,1,7035474
3936,4,4,1,2,12260092
1062,3,3,1,1,3501103
2985,4,3,3,1,9458899
3854,2,1,3,0,11823195
725,2,2,3,2,2468448
1459,3,2,1,0,4654756
3567,1,4,1,0,10869513
1315,5,4,1,2,4345217
3620,4,3,2,0,11268580
516,2,1,1,2,1800787
1743,1,3,3,0,5425313
2705,3,4,3,2,8483160
3024,2,1,1,2,9259747
1569,3,1,1,2,4931434
3944,4,4,3,1,12315824
3065,5,2,1,0,9547402
1560,2,2,3,1,5038245
2827,2,1,2,0,8706862
3920,4,3,3,0,12137771
801,1,2,2,0,2498443
4776,5,3,1,1,14736972
1106,2,2,1,0,3432483
3670,5,2,2,1,11387152
1199,2,3,1,2,3830913
1639,5,4,2,0,5341578
690,3,2,1,0,2254198
2800,2,2,3,2,8683736
1480,5,3,1,2,4917295
3475,1,4,3,0,10772157
1684,3,2,3,2,5498624
3827,3,2,2,1,11791507
3894,1,4,1,1,11925560
627,5,2,2,0,2329030
2565,4,4,1,1,8001466
2316,1,4,3,1,7298281
1069,5,3,3,0,3732117
2395,1,1,1,2,7300551
3233,1,4,1,0,9978131
4363,2,3,2,1,13481885
4514,5,1,1,0,13900892
3401,4,2,1,0,10532725
2186,2,1,1,1,6692011
3509,1,4,2,1,10850460
654,1,4,1,0,2120720
3037,1,4,3,1,9439487
1909,5,4,2,1,6220554
4557,5,4,2,1,13976187
1284,2,3,3,1,4202290
3675,4,4,3,1,11616073
4841,2,3,3,1,14748407
3306,3,2,1,2,10205305
1037,1,4,3,0,3303644
2341,1,4,1,1,7208292
2955,1,1,2,0,8928511
1024,2,2,2,2,3359977
3450,2,4,3,1,10749680
4631,1,4,1,0,14123486
4615,2,2,3,1,14098490
2868,5,3,3,1,9053530
4347,5,4,1,1,13484613
4995,2,1,3,1,15210053
3201,1,4,2,1,9806560
1471,2,1,3,1,4671043
1666,2,1,1,1,5140764
3274,2,4,1,2,10142577
2482,3,4,2,2,7900934
1353,5,1,1,1,4528879
4646,4,2,1,1,14274903
4236,4,2,2,2,13120298
4269,3,4,3,2,13207034
1074,2,3,2,2,3505131
3761,3,2,3,1,11697202
1648,3,4,2,0,5280183
2215,1,2,3,0,6878647
4354,5,3,2,0,13543148
2991,4,4,3,0,9399568
3160,2,3,2,1,9845021
3624,4,4,3,0,11340651
3551,4,3,2,2,11085769
504,5,2,1,2,1869590
1376,4,2,3,0,4533456
1491,4,3,2,2,4861547
4642,3,3,3,1,14329470
4864,5,3,3,0,15046908
4965,1,4,2,0,15193340
1135,2,2,3,1,3703411
2193,4,4,2,2,7120892
2182,2,2,1,1,6752222
619,1,1,3,1,2050271
1330,2,4,1,2,4307305
4175,1,2,3,1,12828893
1869,3,2,3,2,6030504
1240,4,4,3,2,4208339
616,1,4,2,1,2134954
3338,2,2,1,2,10271026
1650,4,4,3,1,5356106
2431,3,3,2,2,7704203
1512,4,4,3,0,4913107
2164,1,4,2,2,6728200
1581,3,4,3,2,5175751
1012,2,2,1,1,3240007
3349,3,3,1,2,10406807
1059,3,1,3,0,3499367
4172,5,1,2,0,12882910
3843,3,3,3,2,11872723
4570,3,3,2,2,14071328
1970,4,3,3,0,6317374
1080,2,2,2,1,3511109
2794,4,1,1,0,8630498
3647,4,3,3,0,11377140
4749,1,2,1,2,14419671
2179,4,1,1,2,6868455
4006,5,4,3,0,12547802
3244,5,2,3,1,10155270
3856,1,1,2,0,11689392
4545,2,2,2,0,13898818
1743,2,1,1,1,5352945
3618,4,1,2,0,11219583
2641,4,4,2,0,8323548
3559,4,2,3,2,11091262
3459,2,3,2,1,10694300
2765,3,4,1,2,8669197
2979,5,4,2,2,9427325
2135,3,1,1,1,6688930
2257,3,3,3,1,7117380
4952,2,2,1,0,15091617
2570,3,3,2,2,8016068
3349,1,3,3,1,10352532
3751,4,3,2,2,11646606
4230,1,3,3,2,12924445
2989,5,3,3,1,9459832
2131,4,1,2,0,6701278
3316,3,1,2,2,10170863
1515,5,4,3,1,4949316
1848,4,1,3,0,5886386
3587,3,4,2,2,11231911
3339,1,4,1,1,10263050
835,4,2,2,2,2851584
1395,3,3,3,1,4619093
4046,1,1,2,1,12363361
1351,5,2,1,2,4506578
2187,5,1,2,2,6995194
2431,5,4,3,1,7847295
4246,5,1,2,0,13134555
2927,2,3,3,2,9107124
2068,4,4,3,1,6582135
4500,4,4,2,1,13893943
3238,2,2,3,0,10049246
3998,3,3,3,0,12334949
4413,3,4,1,0,13541727
1566,5,3,1,2,5059710
4880,1,1,1,1,14752445
2944,3,3,1,1,9131545
4607,1,4,3,1,14155628
3873,4,2,2,0,11936066
4469,1,4,3,1,13690573
3046,4,3,3,2,9630108
1253,2,3,3,0,4085263
2582,2,4,2,0,8068433
3274,5,3,1,0,10278416
3396,3,1,3,0,10462746
4685,5,4,3,2,14582549
1275,4,2,1,1,4172557
2125,5,4,3,2,6861424
3569,1,1,2,1,10898452
917,4,1,3,2,3142109
614,2,1,3,0,2230864
1116,3,1,1,0,3572993
4474,4,1,3,2,13869846
3767,4,2,3,2,11762497
1325,1,3,2,1,4157171
2016,3,1,1,2,6230558
3646,2,1,1,2,11160350
912,4,4,2,1,3218866
1228,4,2,3,1,4098395
3848,1,2,1,1,11717942
3308,5,3,1,2,10329795
1175,2,2,3,1,3758801
3965,3,4,3,0,12236973
3004,4,4,1,0,9290884
3467,4,3,3,0,10755847
3286,2,4,1,2,10131699
1622,5,1,3,0,5304800
4579,4,1,3,2,14104746
2071,2,4,2,2,6565781
2643,1,3,3,0,8195761
2187,5,2,2,1,6995952
4632,3,3,3,2,14244259
4351,4,2,1,0,13405959
3940,2,4,1,2,12049641
4266,1,4,3,1,13085609
2826,3,1,3,1,8796954
3414,2,2,1,0,10480007
4452,2,3,3,2,13774965
1095,3,4,2,2,3713401
1228,1,3,2,2,4014795
1865,1,1,2,2,5753541
4992,5,2,2,0,15425518
1198,4,2,2,1,4004932
895,3,4,3,0,2955186
4671,3,2,3,2,14371976
4860,3,4,2,2,15000101
3002,1,1,3,1,9200229
2319,4,2,3,2,7322708
1217,5,4,2,0,4206708
3282,2,3,3,0,10161552
4077,2,4,3,1,12597920
643,3,2,3,0,2193550
3640,4,1,2,0,11199381
4991,1,2,3,0,15158107
3438,4,2,1,0,10667948
4136,4,4,1,2,12833231
3722,1,3,2,0,11357471
1667,3,2,1,1,5299025
3116,4,3,2,1,9725323
1562,2,4,1,0,4957724
2656,1,3,1,1,8179488
3482,5,4,1,0,10877013
3794,3,1,2,1,11676982
1656,1,3,2,1,5229052
1232,5,3,3,0,4218790
4830,5,1,2,0,14882028
1453,4,3,1,2,4712154
3039,4,1,1,0,9382102
3824,4,2,2,0,11873508
3801,1,4,2,2,11698621
2042,1,1,2,0,6267299
1691,3,3,3,0,5401443
3493,4,1,1,2,10802651
3181,5,3,3,0,9960257
1717,2,2,3,0,5495239
2040,3,1,1,2,6328109
3736,1,2,1,2,11471903
2886,3,4,2,1,9013738
4219,3,3,2,0,12923163
1888,3,3,3,1,6053458
2356,3,2,2,1,7330348
1865,2,4,2,2,5936718
999,4,1,1,0,3238122
2180,5,1,1,0,6907253
1010,3,3,2,2,3396837
4812,3,2,1,1,14646574
1824,3,2,2,2,5772148
1655,4,1,1,0,5270247
2327,1,4,1,2,7295354
3641,1,4,1,0,11130736
3986,2,1,1,1,12095780
2310,1,1,2,0,7142701
3423,3,2,3,1,10654028
2714,3,4,1,1,8537326
4686,3,1,2,0,14332510
1213,2,1,2,0,3822970
4102,3,3,1,1,12631844
4634,1,1,3,2,14158316
4022,4,1,1,0,12307256
4768,4,4,2,1,14733931
1743,5,2,3,1,5669248
4209,1,4,2,2,12954176
1581,3,2,1,0,5017600
955,4,3,3,1,3242420
1394,1,1,2,2,4324378
1884,4,3,2,1,6037509
2458,3,2,2,0,7665640
3572,4,4,1,2,11154048
2496,5,4,3,1,8023665
4785,5,3,1,2,14847934
1004,4,2,1,0,3288640
1714,1,3,1,2,5335785
2031,1,3,3,0,6305009
3940,1,1,1,1,11997470
1323,4,3,1,0,4300087
1428,1,1,1,1,4331319
633,3,1,1,1,2149108
2605,5,4,2,0,8278298
4127,3,1,1,1,12613782
2352,1,1,2,2,7270832
4675,3,4,1,1,14293988
3433,1,3,3,0,10641051
3784,4,2,2,2,11751012
4798,3,2,2,2,14635315
3311,4,2,2,1,10292705
1750,4,3,2,1,5660336
4012,2,1,3,0,12230353
1756,1,2,1,2,5484681
3876,5,3,2,0,12132046
3986,1,1,3,1,12145781
4084,5,4,2,2,12763421
1896,1,2,1,0,5848429
4137,4,1,2,0,12769414
3830,3,2,3,0,11814557
3203,3,2,1,0,9805664
970,2,2,3,0,3235209
1853,5,1,1,2,5868636
3283,5,3,1,0,10319443
3331,5,1,1,2,10381038
857,4,2,2,0,2881055
3519,5,1,3,1,11032432
1167,3,4,3,1,3910540
4968,4,3,3,0,15302929
1645,1,1,1,1,5040956
4685,5,4,2,2,14451091
4219,5,3,1,0,13067219
3245,1,4,3,2,9983593
1039,5,3,2,0,3497335
3279,1,1,2,1,10038642
4636,4,4,2,2,14322966
4275,3,2,3,1,13182857
3008,1,4,2,1,9233315
3279,2,3,2,0,10089577
1424,1,1,1,2,4440169
3456,5,3,1,1,10720426
2081,4,4,2,0,6727318
3824,4,4,2,0,11840128
4985,1,2,1,0,15173920
755,3,1,1,1,2496609
2338,2,1,1,0,7105576
2444,4,4,3,2,7755154
509,5,1,3,2,1975803
3371,5,2,1,1,10534638
1297,3,3,2,2,4339488
1515,4,1,1,0,4821410
2324,1,4,3,1,7223137
4969,5,3,2,0,15340924
3636,3,3,3,1,11246739
2693,4,2,2,1,8458609
723,4,4,3,0,2561926
4658,4,1,2,2,14219521
4425,4,4,2,2,13780842
4500,4,3,2,1,13878679
2133,5,4,2,0,6851483
2652,3,1,3,0,8305835
1010,4,1,3,1,3493942
884,2,2,2,2,2968004
904,2,1,2,0,2927150
2500,3,1,3,2,7863143
3256,1,4,2,2,10043260
2168,1,4,2,1,6775805
1960,1,3,2,1,6127243
4136,2,2,1,2,12608668
3224,1,4,2,0,9923058
4678,5,1,1,0,14372355
2548,4,3,2,1,8059850
4646,2,4,3,2,14339866
1216,3,2,1,0,3831048
2323,3,2,1,0,7280462
2581,4,3,2,1,8190314
3919,2,3,2,2,12062192
2074,1,3,1,0,6424775
749,1,3,3,1,2516172
1173,5,3,3,0,4016597
2665,5,1,2,0,8314286
1270,1,1,3,0,4077123
4462,3,4,3,1,13831110
4863,3,2,2,2,14955271
2484,5,1,3,1,7866747
1577,4,1,2,2,5010369
735,1,1,1,0,2369196
888,5,4,2,2,3085021
3537,5,3,1,0,11035798
2348,1,4,1,0,7215393
3314,1,2,3,1,10112647
3874,3,2,3,0,11952049
3778,4,2,3,1,11793140
1752,4,2,2,2,5587719
4481,1,1,3,2,13762951
2622,2,1,1,0,8068837
2650,5,4,3,1,8467837
1829,5,3,3,0,5925218
1858,1,2,2,1,5765705
2982,2,4,2,1,9287508
2517,3,1,1,1,7833302
1831,1,1,2,2,5663325
4844,1,3,3,1,14771674
4761,5,3,2,2,14732308
1858,1,3,1,1,5843681
3677,1,4,3,2,11300155
2628,1,1,1,2,8101123
2680,5,1,2,2,8442113
637,3,3,2,0,2148363
3972,3,2,1,1,12162918
3332,1,3,3,0,10286483
4079,5,4,2,1,12797090
3531,3,3,2,1,10866631
4664,3,3,3,0,14211041
3093,3,4,2,2,9603522
4800,5,3,1,1,14856520
4318,5,1,2,2,13264312
4638,1,2,2,0,14178862
4323,4,3,3,2,13479740
4542,3,4,1,1,13965551
2406,4,2,3,1,7586681
1260,5,4,2,1,4252763
3945,5,2,2,0,12255554
1399,5,2,3,1,4669923
4955,4,3,3,0,15361982
3447,5,1,3,2,10767994
2219,1,3,1,1,6791957
780,5,4,2,1,2736135
3766,2,4,3,1,11574135
2387,4,2,2,2,7550813
3766,2,2,1,1,11506281
1166,5,1,1,0,3819632
4688,1,3,1,2,14257147
1171,3,4,1,2,3807491
2469,5,2,2,2,7867716
4656,1,1,1,2,14004846
3622,4,4,1,2,11225920
4400,2,2,3,0,13519324
1023,2,4,1,2,3323958
2893,2,1,3,1,8968583
3617,4,1,1,2,11120987
3093,1,4,1,2,9506207
2468,4,3,3,2,7882746
2253,2,4,1,2,6995107
2796,5,2,2,2,8855263
2761,3,3,2,0,8605296
2786,4,2,1,0,8720821
4702,4,4,2,2,14556407
3378,1,3,3,0,10340525
4643,1,2,1,1,14185399
4144,4,4,1,2,12782702
4932,2,4,3,1,15144642
2555,3,3,3,1,8092870
1776,1,4,3,2,5564003
3266,2,1,1,1,10059983
802,5,2,3,1,2798455
1138,1,2,3,1,3641250
555,2,4,2,2,2019442
1025,2,4,2,2,3412914
4623,3,1,1,1,14148458
2625,3,3,2,2,8154959
3787,5,4,2,2,11887372
864,2,4,3,1,2992362
2146,2,4,3,2,6869461
1418,3,4,2,0,4524516
3297,1,2,2,2,10047553
2031,1,4,2,0,6325881
3845,4,2,1,1,11786958
2406,3,4,1,2,7477801
3586,4,3,1,1,11088726
2575,3,1,2,1,8016704
1213,5,3,2,1,4218948
1562,2,4,1,1,4993433
2476,5,4,1,1,7945613
1796,3,4,2,2,5775792
625,2,3,3,0,2212978
4096,1,4,1,2,12530693
3783,1,3,2,2,11743156
2103,4,2,2,2,6654720
566,3,1,3,2,2010501
732,3,1,2,0,2495827
2656,1,3,2,2,8238373
1669,5,2,1,1,5355791
2658,2,3,1,2,8292018
4706,5,2,3,2,14585942
1993,5,4,3,0,6466590
4507,1,2,2,0,13722529
2972,1,2,1,1,8999293
3160,1,2,3,2,9670337
3239,4,1,3,2,10161344
2261,5,2,3,2,7219151
4014,3,4,2,1,12405352
2475,2,4,1,0,7765621
2862,4,4,3,1,9041606
1376,3,2,1,2,4407495
4312,5,3,3,0,13440803
3948,1,3,3,0,12074086
1812,5,4,1,1,5926146
1960,2,1,1,0,6093777
3209,4,3,1,0,10048516
2824,4,2,2,2,8817482
2233,2,3,3,2,7117348
2105,3,4,2,0,6692704
3063,3,1,1,0,9342731
3921,4,3,3,1,12063191
4017,4,3,2,1,12401098
2897,1,4,3,0,8995617
4235,3,1,2,2,13026867
3370,2,1,1,0,10277045
1660,3,4,2,0,5327493
742,1,2,3,2,2489700
3090,4,3,3,2,9771560
1563,4,2,3,1,5017185
4824,1,3,3,1,14765414
3095,2,3,1,1,9493862
1419,4,2,2,1,4571672
505,5,4,1,2,2023811
967,4,4,1,0,3211836
4670,5,3,1,1,14403024
503,1,4,3,1,1916924
1145,1,3,3,2,3776903
617,4,4,3,2,2308251
3428,3,3,2,0,10585381
3051,5,4,3,0,9581639
4789,2,1,2,2,14682032
1346,4,2,3,1,4488567
3262,2,1,3,1,10090330
1641,4,2,1,1,5282841
2310,3,2,1,0,7141273
1223,3,3,1,1,3891604
724,3,2,2,1,2510027
4708,3,1,2,2,14468427
2548,1,1,3,1,7944352
4915,1,4,2,2,15024955
2073,5,1,3,1,6621662
2328,2,4,2,0,7272036
2417,4,2,2,1,7644537
4734,4,1,2,1,14517895
2526,1,2,1,2,7765388
4244,4,1,2,2,13123552
1401,1,1,1,2,4331708
2539,5,4,1,1,8116557
509,2,2,2,1,1818654
760,5,1,3,0,2587118
2173,3,3,3,1,6873232
2719,3,2,3,0,8385782
2560,3,2,2,2,8000166
4213,5,2,3,2,13084084
2119,4,4,1,2,6798742
820,2,3,3,0,2725949
1842,3,2,2,1,5855386
2876,3,1,3,2,8996442
3332,3,1,1,1,10248859
3324,2,4,2,1,10349006
2494,3,1,3,2,7925414
3458,2,2,2,0,10619597
2538,3,1,2,1,7914258
3990,5,2,2,2,12355986
4177,5,1,3,1,12900023
1618,2,3,2,1,5195691
2104,5,4,3,1,6867076
4527,2,4,1,1,13809519
735,5,3,3,1,2619588
2469,5,3,1,0,7754563
4929,2,4,3,0,15119931
2408,4,3,2,2,7613543
875,5,2,3,0,3063025
4030,3,1,2,0,12395853
3135,4,4,1,0,9788105
2070,2,3,3,1,6566806
3060,4,2,2,1,9417423
3891,1,4,1,2,11842304
3465,1,3,1,2,10575177
4143,5,4,3,2,12927430
4350,5,3,1,1,13491991
1372,3,4,2,0,4422054
1752,4,2,1,0,5589346
1814,1,2,1,1,5572744
3398,5,1,2,2,10533955
577,4,4,1,2,2073277
3121,5,1,1,2,9835913
4727,5,4,1,1,14570631
1100,1,3,1,2,3554549
1565,1,3,2,2,4877090
2636,5,1,1,1,8318946
2949,2,4,2,0,9164452
2843,5,1,1,1,8882698
2363,5,2,1,1,7479691
1818,3,1,1,1,5720199
4097,3,1,1,1,12571453
4262,3,3,2,0,13076045
2690,2,1,2,2,8287120
1492,2,4,2,1,4798461
3212,5,3,3,0,10130221
2692,3,1,1,2,8332667
1748,2,2,1,2,5522695
3554,1,1,2,2,10892891
4533,5,1,3,1,14008150
2497,4,1,1,1,7693641
4187,5,3,2,2,12995823
2651,4,4,1,2,8440139
4518,3,2,1,2,13861002
3610,4,1,2,2,11148022
2470,3,4,2,2,7812532
697,1,4,1,2,2374832
3126,4,3,1,0,9676046
1702,5,2,2,2,5597769
2535,3,3,1,1,7929784
977,5,4,1,1,3306004
1754,2,4,2,1,5624818
1422,3,4,1,2,4595519
919,4,3,1,1,3098043
2704,3,2,3,0,8391201
3097,5,1,2,2,9722572
1620,1,3,3,1,5132556
3568,3,4,3,0,11127687
1450,4,3,3,0,4732450
2836,2,4,1,1,8754729
2743,1,1,1,0,8311678
3145,2,1,3,1,9724801
2357,3,2,3,0,7366982
2365,5,4,3,2,7614844
3412,5,2,1,2,10600078
3353,4,2,3,2,10501004
3728,5,1,3,2,11537234
4219,1,3,2,2,12929351
3728,5,3,2,1,11710567
2871,4,2,1,2,9014801
3391,3,1,2,2,10442167
4256,3,4,2,2,13182730
4725,5,3,2,2,14650028
594,2,2,1,0,2055469
3174,3,3,2,2,9756494
2455,5,3,1,2,7840643
1293,4,4,3,1,4325624
2334,5,1,2,0,7324838
2616,3,4,1,1,8139409
4606,4,1,2,2,14103004
3825,5,3,3,1,11924294
3419,1,2,1,1,10373013
3097,4,4,1,2,9700010
3705,1,1,1,0,11264496
1314,2,3,3,0,4239171
845,4,1,3,1,2979986
2849,1,1,3,2,8759578
862,3,1,1,1,2810556
2943,3,3,3,1,9185352
2765,2,2,2,1,8584930
2688,4,2,3,2,8518978
3505,4,2,1,2,10879768
3781,4,1,2,0,11646794
1484,2,3,3,2,4734968
2139,4,1,2,1,6731027
1327,3,2,2,1,4364906
3230,1,2,1,0,9890661
4031,3,3,2,2,12467702
4951,3,1,2,1,15113777
3435,1,4,1,0,10514319
4376,3,4,1,0,13418999
626,2,2,1,1,2157652
3677,1,3,2,1,11229051
3556,3,1,2,2,11014183
1103,5,1,2,0,3642539
3949,3,2,1,1,12183046
4646,2,2,3,0,14239338
4033,4,1,2,2,12411530
3867,3,1,3,1,11905534
3868,4,2,1,2,11979582
4297,5,1,2,0,13226042
2292,3,4,3,2,7307106
3361,1,2,2,2,10287352
3976,4,1,2,0,12325955
3917,5,2,2,2,12277553
2145,1,3,3,0,6768156
1705,1,2,1,1,5278781
3530,1,2,2,0,10759862
3372,1,3,1,0,10257041
3572,3,4,1,1,11122786
2354,3,1,3,0,7408536
4521,3,3,3,1,13991938
3208,5,2,1,1,9981503
4002,5,1,2,0,12278105
1832,5,3,3,2,5919602
701,2,1,2,2,2355881
4007,5,1,2,1,12374866
4712,3,3,2,2,14464114
1074,3,1,1,2,3499257
1036,2,4,2,0,3458682
2125,2,3,1,1,6589938
2622,5,4,1,1,8230719
885,4,2,2,0,2961126
3781,2,1,2,2,11540801
974,1,2,2,1,3161641
917,3,2,2,2,3080794
4100,1,1,1,1,12534024
1454,3,3,2,1,4738734
1705,3,1,2,1,5485692
4620,2,2,1,1,14009806
2490,2,2,3,2,7627357
4072,1,3,3,2,12528149
4880,3,1,1,2,14906161
4658,1,2,3,2,14237860
3213,4,4,1,0,10003789
2703,1,2,2,1,8262798
3620,5,2,2,1,11298158
1466,1,3,3,1,4714809
3932,5,4,2,0,12186012
1188,5,2,3,2,4016318
4743,5,2,3,1,14664406
4201,4,4,2,2,13009459
841,1,1,2,2,2664944
2224,1,1,3,0,6872625
4922,4,2,2,0,15119040
2292,3,2,1,2,7135490
2259,2,1,2,1,6952460
3712,1,3,2,1,11396527
1489,2,4,1,0,4688633
2762,4,4,2,0,8670539
2982,3,3,2,0,9244196
1451,3,3,3,0,4775285
1222,3,3,2,0,3949928
3889,4,3,2,0,12123276
2579,5,3,1,0,8154615
3217,5,3,3,1,10222044
2832,2,4,3,0,8869231
3876,5,3,3,0,12076947
2000,5,1,2,1,6334131
785,3,3,3,1,2717229
3995,3,3,1,2,12379364
2565,2,4,3,0,8032603
1268,1,4,1,0,4047045
3557,2,3,3,0,10991348
4789,2,4,3,0,14719483
2661,4,2,1,2,8337407
3793,4,4,3,1,11863767
1446,2,4,3,1,4657294
3835,2,4,3,0,11831254
4650,2,4,2,0,14265465
1981,5,1,1,0,6271174
2401,4,1,3,2,7569939
3951,2,1,1,2,12083830
4564,3,3,1,1,13953442
554,3,3,1,0,1880849
2323,5,2,3,0,7413749
3962,5,1,3,0,12226075
3579,1,3,1,0,10931006
1332,1,4,2,2,4188265
4908,1,4,1,1,14917750
3306,5,1,2,1,10281621
2990,5,2,1,2,9279668
827,5,2,1,0,2812366
3810,3,4,1,1,11819250
3800,5,2,3,1,11786484
4175,3,1,2,2,12807731
3554,1,4,2,0,10997132
2643,1,3,1,1,8075906
1811,1,3,3,0,5762861
3691,2,2,3,1,11359049
3038,2,4,2,2,9459095
4483,4,4,3,0,13953574
664,4,3,2,2,2377745
4777,4,4,2,1,14782551
1322,2,4,2,2,4350229
1443,2,4,3,2,4676459
4925,4,2,2,2,15116928
1274,4,4,2,1,4230569
2698,5,1,1,0,8404134
3656,4,2,2,2,11294052
4742,5,4,2,0,14643919
4195,3,4,1,1,12741654
3952,2,1,1,0,12009286
1414,4,2,3,2,4706719
1808,2,3,2,2,5650665
4677,2,3,3,2,14357842
1013,2,2,3,2,3481116
2420,3,4,1,2,7608871
4094,1,4,3,2,12679839
1909,4,3,2,1,6066404
3690,1,3,1,1,11292440
4991,1,3,2,1,15153889
2055,1,1,2,0,6345053
1304,2,3,1,0,4184112
1779,5,1,2,1,5747248
4077,2,2,1,0,12413753
3401,2,4,2,0,10516746
1887,1,3,1,2,5895224
3261,2,4,3,2,10196299
3179,1,4,2,0,9780811
2606,5,3,1,0,8244556
4723,4,3,2,1,14630730
3268,1,2,2,0,9978106
4453,5,1,2,2,13761321
3686,4,1,1,0,11282759
3780,3,4,3,1,11767012
3073,1,3,3,2,9536331
3099,1,2,3,2,9569899
4533,3,2,1,2,13895669
736,3,2,3,2,2674091
1804,1,2,1,0,5417663
3930,3,2,2,1,12075167
1801,2,1,2,0,5595813
3041,4,1,3,0,9545845
2551,4,1,1,2,7986764
941,4,3,2,1,3237984
2576,2,4,1,2,8090992
3680,3,2,1,0,11281002
3157,5,3,2,0,9923616
4298,3,2,1,2,13157461
1304,1,1,2,0,4019334
574,4,3,2,0,2181708
2675,3,1,2,2,8343451
4424,5,2,1,0,13654233
2589,1,2,2,1,7922991
540,2,4,1,2,1945517
2581,2,2,2,1,8091911
2122,5,1,2,0,6712127
841,1,2,3,0,2690210
4552,4,4,3,2,14145198
2574,3,4,3,0,8060205
1145,1,1,1,2,3517110
4763,2,3,1,2,14522261
1109,5,2,2,2,3732370
954,5,4,2,2,3302637
3453,3,2,2,2,10755323
2208,5,2,2,1,7128480
3972,5,3,1,2,12366904
3469,1,4,2,1,10696209
3528,4,2,2,0,10916897
3181,3,4,3,2,9928183
4129,1,1,2,0,12627145
4725,4,1,2,2,14521857
3567,1,2,2,1,10887870
1886,1,4,1,1,5938737
4276,5,2,3,1,13274320
3366,4,4,2,0,10546864
3863,3,4,2,2,11958512
4624,3,3,3,0,14282881
648,4,3,2,1,2382988
4350,5,3,1,0,13496241
2558,2,2,2,1,7898528
1636,1,3,1,1,5103848
686,5,3,1,1,2555388
3354,4,1,2,2,10399679
1750,1,4,3,2,5620551
1833,3,4,1,1,5943528
4693,2,3,3,0,14296547
4650,3,4,2,0,14286022
3211,4,1,1,2,9943093
2285,1,1,2,1,6945056
1250,4,3,3,0,4137201
2262,1,1,2,1,6917430
4420,5,4,2,0,13752884
4960,2,2,1,2,15033367
981,5,4,2,1,3507466
653,5,2,2,1,2403494
2024,4,3,2,0,6389308
2620,2,2,1,0,8111320
2843,1,1,3,0,8758848
1740,1,4,3,1,5528061
560,3,2,2,2,1973927
1438,1,4,1,2,4591383
2139,4,3,2,0,6793146
4620,5,3,3,2,14325537
4726,5,1,1,0,14430837
4069,5,3,3,2,12664470
1752,2,2,3,1,5530835
4703,1,3,1,0,14347124
671,4,1,1,2,2366037
1958,2,4,2,1,6171496
4049,3,4,2,2,12516440
4697,4,3,3,1,14570567
2822,4,2,1,1,8799367
2136,4,1,1,2,6730670
3615,5,2,2,2,11239831
4590,4,1,3,1,14133829
3504,1,3,3,1,10792213
829,4,1,2,1,2812440
4140,5,1,1,0,12776703
4394,4,3,2,1,13610267
4607,3,2,2,0,14065052
1841,3,3,2,1,5837989
4163,5,1,2,0,12814631
715,1,3,1,1,2414426
838,1,1,2,1,2806674
4562,2,3,1,1,13912818
3208,5,4,2,2,10105645
3652,4,4,3,2,11478115
2250,5,3,1,1,7114639
2921,2,2,3,0,9086245
1209,5,1,2,0,3985956
4226,5,4,2,1,13060813
4142,2,2,2,2,12640978
4493,1,1,1,0,13582107
988,4,4,3,2,3505147
546,2,4,1,0,1853373
3859,3,3,1,1,11850294
900,1,1,2,2,2910556
4490,3,2,3,0,13716561
3657,1,2,2,1,11195927
4845,4,2,1,1,14777812
890,4,1,2,1,3028359
4353,5,2,3,2,13488561
4930,3,2,2,2,15072897
1128,1,2,3,1,3647639
4732,4,3,3,2,14685699
3430,2,3,2,0,10578812
2021,4,1,1,1,6363382
1326,2,1,2,1,4219090
2000,1,2,1,2,6209116
3794,4,3,1,1,11754401
2919,4,4,2,0,9137285
1434,1,4,1,2,4584725
3542,4,2,1,2,10926090
4997,2,2,2,1,15305569
1966,4,3,2,1,6327122
4061,3,3,2,1,12632045
1114,5,3,1,2,3787692
1682,2,1,3,1,5361454
3723,3,1,1,0,11310973
3167,1,2,3,1,9798084
630,2,1,2,1,2178822
3483,5,3,3,2,11024236
4778,5,3,2,1,14780023
4959,1,1,2,2,15059905
538,1,4,3,1,1869524
4459,2,2,2,0,13567098
4087,4,4,3,0,12699719
1420,1,2,2,2,4402428
3269,4,4,1,2,10168589
4611,3,1,1,1,14077476
992,5,2,2,1,3389360
1631,4,2,2,0,5184530
4021,5,2,3,1,12451306
810,4,3,1,0,2705774
1238,3,3,3,2,4102957
3741,1,4,2,1,11599489
1045,3,1,2,2,3488016
2961,1,3,3,1,9173709
4846,1,2,2,0,14755694
2304,5,3,1,2,7382793
3712,3,1,3,2,11509780
4310,4,3,1,1,13264589
1313,3,2,1,2,4186720
4624,5,4,1,0,14275736
2532,1,2,3,2,7916212
4913,5,1,2,2,15125480
744,2,4,1,1,2456766
771,2,3,1,2,2496827
4011,4,3,1,1,12376948
2271,5,3,2,1,7201717
1762,4,4,2,2,5704174
2924,4,2,3,0,9224811
4861,2,4,2,1,14900307
1420,4,4,3,2,4702476
3930,2,1,3,1,12075437
4935,1,4,3,0,15191047
4984,5,3,3,0,15405965
3124,4,2,3,1,9654223
4260,2,2,1,0,13012503
2550,3,2,2,2,7997321
4000,4,3,1,2,12374506
1665,1,3,3,1,5264041
875,1,3,2,0,2804636
2533,3,3,1,2,7994748
645,2,3,1,2,2113084
4888,4,4,3,2,15128551
931,2,3,1,1,3026382
1204,1,3,1,1,3854672
3132,2,3,1,2,9727783
4994,1,3,1,2,15190663
1463,2,2,1,0,4598648
2734,3,3,3,0,8575899
2541,5,4,3,0,8165666
2328,3,4,1,1,7365636
2608,3,4,3,2,8227079
4568,5,1,3,1,14145895
1438,5,2,2,2,4763162
1306,4,3,1,0,4242204
1963,4,1,3,0,6257689
3915,3,3,3,0,12106009
510,3,1,1,0,1757894
2368,1,1,2,2,7236199
1384,1,4,1,0,4316101
4064,4,4,2,2,12672887
1889,4,1,1,2,5916470
3901,1,4,1,1,11956505
4821,1,1,1,0,14578928
1324,2,2,1,0,4223532
2765,2,4,2,1,8647440
1436,1,4,2,2,4575336
3300,2,4,3,0,10228837
3053,5,2,1,2,9449723
4345,4,1,2,1,13358480
2296,4,3,2,2,7234492
553,1,4,2,0,1898064
1226,3,1,1,2,3906104
3236,1,2,3,2,9934168
3670,2,3,2,0,11339386
2413,3,4,1,0,7485189
2096,2,2,2,2,6519846
2414,5,2,2,2,7637089
2966,2,3,3,1,9203944
3237,5,1,2,0,10027161
1349,5,4,2,2,4519042
2609,2,4,1,0,8102107
502,2,1,1,1,1729492
4755,5,1,3,2,14736065
4569,3,1,1,2,13871589
1392,5,3,1,2,4615009
2530,4,3,3,0,8022094
3660,5,4,2,1,11416880
2876,3,3,3,0,9071384
2433,4,2,1,2,7693383
1880,1,4,3,1,5940848
4181,1,3,2,2,12773201
1790,3,1,3,2,5792572
2140,5,2,1,0,6769049
3182,2,1,1,2,9760251
1487,3,4,3,1,4874622
1718,4,1,2,2,5619155
1855,4,3,3,2,6004174
4765,1,3,2,0,14513817
4635,4,4,2,1,14283446
2060,3,1,3,0,6460525
1918,4,4,2,2,6142430
1454,3,1,1,0,4541463
1483,2,2,3,0,4638502
1474,1,3,2,0,4686076
4633,4,4,1,0,14266837
4472,3,2,3,2,13797955
1413,5,2,1,2,4626378
536,1,4,1,1,1841588
3887,2,4,1,0,12001956
2211,3,2,2,0,6884561
3520,2,1,3,1,10843917
1295,2,2,3,0,4178649
4536,4,4,2,1,14085099
3611,4,2,3,2,11274932
1824,3,1,1,1,5736445
817,5,3,3,0,2848086
2896,3,3,2,1,8987554
2662,5,2,1,2,8317655
3245,2,1,2,0,9821206
2091,1,3,1,2,6512859
3611,3,2,1,2,11109918
4430,3,2,3,1,13659953
2496,5,1,1,2,7849774
1812,2,4,2,0,5748021
1785,2,2,3,2,5741905
4811,5,4,2,2,14923364
2883,2,4,1,1,8962449
3739,4,3,2,2,11611887
2639,1,4,2,1,8228239
2204,3,1,1,1,6790018
862,1,3,3,0,2754122
3104,3,3,2,0,9737333
2216,4,3,1,0,7069815
4951,2,2,3,0,15035724
4786,5,2,3,1,14806194
4238,4,4,3,2,13201495
2969,1,3,2,0,9163148
1056,5,3,2,0,3674960
1325,2,1,2,0,4131929
3308,4,4,3,2,10353615
3219,5,1,2,0,10016941
4008,4,4,1,2,12375821
4241,4,4,2,1,13007293
2074,2,2,2,1,6470637
4498,3,2,3,1,13886877
2629,5,1,2,2,8285976
2903,2,4,1,0,9000202
3829,4,3,3,0,11921050
1088,2,2,1,0,3412650
2512,3,3,3,0,7899401
2047,5,1,3,0,6464741
794,3,2,2,2,2686404
2485,1,2,1,1,7627522
3617,5,4,3,0,11340942
2190,3,1,2,1,6785453
1636,4,4,3,2,5333550
2564,5,2,3,2,8176547
4955,5,1,3,0,15306369
1507,2,2,3,2,4830651
3014,4,1,3,1,9399148
4026,1,2,3,0,12354563
1747,3,3,2,0,5522396
4402,2,3,3,1,13622351
1935,3,4,1,0,6047736
1071,1,3,2,0,3485424
2882,1,2,1,1,8842958
1745,5,2,3,0,5785506
2584,1,3,1,0,7875941
777,3,4,3,1,2624298
2387,4,3,3,2,7673472
1765,4,1,2,1,5551433
1540,5,1,2,0,5010788
1417,3,1,3,1,4630107
1385,3,3,2,0,4493988
3252,1,3,1,0,9947609
521,3,3,2,1,1923047
3691,2,1,2,0,11324871
2853,1,4,1,2,8838353
1186,2,2,2,0,3737170
784,5,3,3,1,2923249
4247,4,4,1,2,13143555
1262,5,2,3,2,4281917
2928,4,2,1,0,9119549
3007,5,2,3,1,9528796
528,3,4,3,0,2026605
1406,2,4,2,0,4524586
3604,4,1,3,1,11185373
4499,1,4,2,1,13787430
3494,2,4,1,0,10797003
3006,1,4,3,2,9292368
4109,2,2,3,0,12639204
4053,2,3,1,2,12384683
1953,5,1,1,0,6271560
3856,4,3,3,1,12016365
1015,4,3,1,2,3394198
538,2,4,2,1,1955435
3842,3,1,1,1,11766460
1386,3,3,1,1,4449990
3344,1,3,3,1,10221538
2704,1,1,2,1,8240790
1598,5,4,1,0,5196977
2323,2,3,2,2,7194582
3701,1,2,2,0,11263641
3655,1,3,2,0,11160006
3593,2,2,3,0,11020027
4030,5,4,1,1,12558617
4278,1,3,3,0,13049991
3396,5,1,1,2,10552420
3953,4,1,1,0,12111341
4011,5,3,3,1,12507060
1488,3,4,2,2,4934320
4616,3,4,2,2,14246984
4526,5,1,1,2,13956651
4679,3,3,3,2,14398729
2182,4,4,2,0,6977307
4463,2,1,2,1,13648198
1433,3,2,1,2,4613380
4098,3,3,1,2,12553541
3733,5,2,3,1,11619737
2480,4,2,1,0,7811679
2355,2,4,2,2,7370612
3556,5,4,2,0,11196499
1292,5,4,2,0,4298680
1291,4,3,2,0,4250410
2309,2,2,3,0,7197641
2755,4,3,3,2,8672759
4110,2,4,1,2,12588479
2107,4,2,1,0,6585787
1484,5,3,1,0,4839403
4176,5,3,3,1,13052520
3880,1,1,2,1,11824157
1019,3,3,1,1,3355331
1090,4,4,2,2,3770518
1550,1,3,1,1,4852066
4133,3,2,1,2,12661856
4944,4,3,1,2,15152112
1459,2,1,1,2,4650522
1192,3,2,1,2,3849530
4399,5,2,2,1,13578071
4973,1,1,1,0,15005747
3446,3,4,2,0,10748709
1026,3,2,3,0,3379351
3724,5,4,1,1,11651523
2753,4,2,2,0,8587479
3844,2,2,3,1,11771580
4465,5,4,3,1,13888375
2375,2,2,3,1,7423360
2263,4,4,2,0,7183241
1020,3,1,1,0,3273000
1516,2,4,1,0,4791902
616,1,1,2,2,2008749
2933,1,2,1,1,8969536
1083,5,4,2,2,3766047
894,4,2,1,1,2928870
4288,5,4,3,0,13418953
3268,5,1,1,1,9959168
4667,5,1,2,1,14384762
4360,1,4,2,2,13393304
773,1,1,3,1,2508832
2513,5,2,2,0,7822708
4933,1,2,1,1,14964163
1889,4,3,1,1,6025484
4066,5,1,3,1,12560564
665,1,2,2,2,2183493
2067,2,4,3,1,6609135
1228,5,1,1,1,4029884
2543,5,2,3,2,8023566
4697,4,1,2,2,14463491
3996,3,4,3,2,12371474
1278,3,2,2,2,4125261
713,4,3,2,0,2518882
4262,4,3,1,0,13121224
2076,4,1,1,1,6497869
2948,3,4,1,0,9128789
3436,4,2,2,1,10655460
3617,1,4,3,0,11101970
1091,5,2,2,2,3757450
3220,5,1,1,2,9941540
1213,2,2,1,0,3826956
1435,2,4,3,0,4572029
4837,5,4,1,1,14987800
501,1,1,1,1,1630884
3348,3,4,1,1,10321166
4544,3,2,3,2,14036252
2449,1,1,2,2,7432403
1417,3,2,1,2,4555044
3674,4,4,3,2,11559564
2741,5,1,1,1,8571977
589,5,2,3,2,2211674
2209,1,4,1,2,6814890
2669,3,4,3,2,8491125
4738,2,3,1,2,14530371
3541,2,4,2,0,10890731
605,3,2,1,1,2054068
1386,2,1,3,1,4487338
927,1,3,1,2,3027580
2395,1,4,2,0,7345670
816,3,4,1,1,2768214
1134,2,4,3,1,3750372
2425,1,2,3,2,7557381
2556,1,3,2,2,7928302
3644,4,2,3,1,11306364
2770,4,3,1,1,8668917
1939,1,1,1,0,5914611
1052,3,2,1,1,3596709
1215,5,2,3,1,4101136
4411,5,1,1,2,13592265
2213,1,3,1,1,6931140
3889,1,4,1,2,11848782
1607,1,1,2,1,4995501
4706,3,4,3,1,14480519
750,4,4,3,1,2741750
2930,1,1,3,0,8965282
2554,1,3,2,2,7951004
958,2,4,3,0,3239402
707,3,1,2,1,2440018
1399,1,2,2,0,4413225
3961,2,2,3,2,12191798
3885,5,2,1,1,11955117
521,1,1,1,0,1733454
909,1,2,3,0,3027451
1394,2,4,3,2,4515106
1014,3,2,2,0,3368793
4609,1,2,3,2,14038481
2634,5,4,2,1,8382171
4095,1,2,3,1,12555471
3456,5,4,1,0,10756689
2060,4,2,1,1,6504753
1766,4,4,3,1,5800410
2669,5,2,2,0,8391529
4138,3,4,1,1,12710243
1249,1,1,2,0,3845811
3927,1,4,3,2,12091461
2427,4,2,3,2,7642263
4304,5,2,1,2,13283130
4202,1,3,3,0,12842737
2856,1,4,1,0,8818205
2835,3,1,2,1,8788673
806,2,4,1,1,2825362
4165,4,4,1,1,12774320
2489,4,1,2,1,7812668
1161,2,4,1,1,3740422
811,1,1,1,0,2505197
3420,3,1,3,0,10558511
1582,3,4,2,2,5130769
3471,4,4,1,2,10866890
1254,3,2,2,2,4096562
4630,2,2,2,2,14135359
852,1,3,1,0,2752710
1402,2,3,3,0,4504517
4388,5,4,2,0,13557726
658,4,1,1,1,2251572
2477,3,3,2,1,7782547
1456,5,4,3,2,4901614
2571,3,3,3,1,8109515
903,1,1,3,0,2882675
3279,1,4,1,2,10102880
1887,1,1,1,2,5827005
3953,3,4,3,1,12275411
1455,5,3,1,2,4786617
2212,1,2,3,1,6994804
1773,5,3,1,1,5774506
4311,3,3,3,2,13347769
3125,5,2,2,1,9744989
2882,3,2,3,1,8981383
1941,3,4,3,1,6313789
3479,4,4,1,1,10788853
2297,3,1,1,2,7142713
4890,3,1,1,0,14878929
4509,2,3,1,0,13775394
1894,1,2,1,1,5830167
4781,4,1,1,1,14641842
1769,4,3,2,1,5676284
4214,4,2,3,0,13087725
1029,2,4,3,1,3412686
4123,3,3,3,2,12817882
3458,1,4,2,2,10634743
3414,5,1,3,2,10639312
4091,3,1,2,0,12497960
2647,2,2,2,1,8115428
3869,3,3,2,1,11968929
1439,3,4,3,1,4668801
1025,2,2,2,0,3297104
501,4,1,3,0,1891081
874,4,1,3,0,3008467
2840,1,3,1,0,8628417
4505,1,4,1,2,13780527
3552,4,3,2,0,11083024
2865,5,4,2,0,9013157
2025,3,4,3,0,6490678
4976,5,3,2,1,15310836
2146,3,2,2,1,6767282
513,4,3,3,1,1975563
2778,1,3,2,2,8627057
3655,1,1,2,2,11194957
629,5,1,3,0,2219325
4314,1,3,3,1,13228827
3716,4,3,1,2,11590645
3438,5,1,3,1,10624734
4428,3,4,1,2,13682346
2540,1,3,2,2,7960085
527,2,2,3,0,1786768
2613,1,2,3,0,8035465
1752,3,2,3,2,5651887
4856,5,3,2,0,14943693
2546,3,4,1,2,8056228
4523,2,4,2,2,13961944
4896,4,1,2,1,14948751
3874,1,3,3,0,11844847
3966,5,4,1,0,12346491
3581,4,3,2,0,11149532
4278,3,1,3,1,13264922
1129,5,1,2,1,3723005
769,4,1,2,1,2709960
3139,5,2,3,0,9801304
2493,2,3,3,0,7814016
3391,2,1,1,0,10387617
3932,1,3,2,1,11886304
1780,1,2,3,1,5635560
2860,2,2,3,2,8969228
1075,5,1,1,1,3619794
1807,2,1,1,2,5733666
3692,1,4,3,0,11414258
3678,2,3,1,1,11257139
3234,2,1,3,0,10013950
2712,5,4,2,0,8556301
2852,4,3,1,0,8890120
4068,1,1,2,0,12405589
2155,5,4,2,1,6957404
2079,2,4,2,0,6604556
2703,2,3,3,2,8583433
1890,4,4,2,1,6033131
2242,1,3,2,0,6929583
2425,1,3,2,1,7530818
1119,3,3,3,2,3733840
1774,1,2,2,0,5508214
1456,4,4,2,2,4846790
2439,3,3,1,0,7629145
4453,3,1,3,2,13711366
2881,2,2,2,0,8890386
1468,2,2,1,1,4612806
1816,1,4,3,0,5808226
1543,3,3,3,1,5092169
781,2,4,3,0,2733940
3344,4,2,3,0,10354531
1558,2,3,3,2,5010889
4793,2,1,3,2,14678983
3032,3,3,2,2,9408965
4328,3,2,2,0,13277954
1508,5,1,2,0,4885111
1729,4,3,2,0,5611206
1535,3,1,1,1,4820085
775,1,1,2,1,2563165
3240,4,2,3,0,10052131
2789,4,1,2,2,8676108
1739,3,4,2,2,5588031
625,4,2,3,2,2297393
4565,3,4,2,0,13924174
4812,2,1,2,2,14708964
4368,5,4,2,0,13639467
1708,2,3,1,1,5406563
3749,3,1,2,2,11536466
1418,3,3,3,1,4579770
4423,2,4,3,2,13558348
4903,1,3,2,0,14846848
2469,1,1,2,0,7560458
3293,1,3,2,0,10204345
1391,3,4,3,0,4427146
4970,4,4,3,2,15425010
2533,3,4,1,1,7895114
1864,4,1,1,0,5845225
628,2,4,1,2,2137115
1514,5,1,3,1,4893628
2299,4,3,1,0,7233281
2018,1,4,2,1,6337140
4681,3,3,2,0,14396417
1698,2,2,3,1,5309737
4373,1,3,1,1,13362698
2974,2,2,2,0,9206590
3985,5,3,3,2,12476224
4549,3,1,1,1,13865951
4219,3,3,2,0,12992421
802,5,1,1,1,2737977
4452,3,1,3,1,13724425
1486,4,4,1,2,4839672
2363,2,1,3,1,7364401
4940,1,2,1,1,14903083
3572,5,4,2,0,11181264
3624,4,4,3,0,11274522
1827,1,3,3,2,5806623
2908,1,1,3,1,8983421
4173,5,1,1,1,12828501
3791,4,2,1,1,11694559
4533,1,3,2,2,13867724
1203,1,3,3,1,3907403
1074,4,4,3,0,3701492
3732,3,4,1,2,11578950
3132,1,4,1,0,9587005
4328,2,2,2,0,13303916
3730,4,2,2,2,11607599
988,1,4,1,0,3244257
1847,5,3,3,1,6038335
4181,2,2,2,2,12843290
3673,1,3,1,0,11193140
2167,2,3,1,1,6728811
2137,2,1,3,1,6729766
4614,3,4,1,0,14165229
4053,2,1,1,1,12342421
1500,3,4,2,2,4838868
1350,4,4,1,0,4487755
1888,3,3,1,1,5969631
4212,5,4,2,1,13044663
1867,1,3,3,0,5865071
1321,4,3,3,0,4362953
954,4,4,2,0,3249902
2124,5,3,2,0,6820812
3272,3,3,3,2,10206023
4226,1,3,3,0,12922725
3647,3,2,3,2,11379120
4589,2,3,3,2,14030021
2690,3,2,3,0,8397430
1416,4,2,2,2,4674442
4486,1,3,1,0,13669346
3375,3,3,3,0,10536002
1940,1,2,3,1,6171078
4900,1,2,1,0,14934947
1235,2,3,1,1,3897223
4068,2,3,1,2,12393464
3838,4,4,1,1,11910342
3515,5,2,1,2,10867294
3389,1,2,1,0,10220676
1461,5,4,2,2,4888812
3489,4,2,1,2,10835352
4348,1,1,1,0,13249557
1526,1,2,2,2,4846421
4365,5,4,1,0,13600978
3363,3,1,3,1,10426777
3001,2,3,3,0,9256186
2447,3,4,1,0,7692109
1677,5,4,2,2,5587715
511,2,3,3,1,1882554
4899,3,4,2,0,15119527
3864,2,2,3,1,11885837
3522,1,3,1,1,10793294
3871,3,4,2,2,11994283
3330,2,3,2,0,10378952
542,2,3,2,2,1978063
1443,2,3,3,0,4583164
2890,3,1,3,1,9082629
3045,4,4,3,0,9538341
2911,3,1,1,0,8953684
1504,5,4,3,1,5045415
520,3,2,1,1,1857499
906,2,2,2,0,2982186
1514,1,2,2,2,4715347
4931,3,4,1,0,15127351
2338,3,3,3,1,7449032
3688,2,3,1,2,11387593
1214,1,1,2,1,3756909
4646,1,1,2,1,14085217
4354,5,2,1,2,13399773
4919,3,1,3,1,15093990
640,1,4,3,1,2152417
1463,1,4,1,1,4562862
872,4,1,1,1,2872743
4135,4,1,3,1,12685160
3041,1,1,2,1,9301610
4110,5,1,1,1,12564675
2192,1,2,3,1,6850267
605,2,2,3,1,2095148
2181,3,1,2,0,6771800
4597,5,4,2,0,14217962
4516,2,2,2,1,13804980
3136,5,4,2,0,9887643
2637,2,3,2,2,8286854
3916,3,4,1,0,12108695
4945,3,1,3,1,15266584
4030,4,3,1,1,12473764
1786,2,2,1,0,5565015
3679,4,2,1,1,11334148
4154,2,3,1,2,12710810
2859,4,4,1,2,9003951
944,3,2,2,1,3092027
535,5,1,2,2,2016448
1975,4,3,3,2,6374056
4457,2,1,1,0,13504595
2298,2,3,3,2,7191440
2345,3,2,2,0,7451235
1908,2,4,2,1,5974171
2208,1,3,2,0,6840612
3438,5,3,1,1,10775129
1800,4,1,1,1,5716452
1743,5,2,2,1,5615323
4476,3,1,3,1,13688392
3597,4,2,3,1,11197489
509,4,1,2,0,1705024
2925,1,3,3,1,9063493
2160,3,1,2,2,6781741
3131,2,4,3,2,9826506
1572,1,2,2,1,4868833
3725,1,2,3,2,11428826
1816,5,3,1,0,5849845
4645,5,2,2,0,14335278
4183,5,4,2,1,12951867
3773,1,1,3,1,11506624
645,2,3,2,1,2294995
3540,4,4,2,2,11072966
1962,5,2,2,2,6232794
2084,2,2,1,0,6496161
982,3,4,1,2,3216036
3679,5,1,3,0,11421648
1749,4,1,1,2,5585163
1130,3,3,3,0,3810685
1161,3,2,1,1,3636103
4003,4,4,3,2,12524579
3352,5,1,1,0,10419086
2966,1,3,1,2,9090149
1487,4,2,3,1,4865545
2046,4,2,2,0,6325401
1149,4,3,2,2,3719600
1468,3,3,1,2,4779426
3137,2,1,3,1,9654055
1600,1,4,2,1,5052689
940,5,2,3,0,3261733
1269,5,4,2,2,4278703
1843,2,2,3,2,5826065
4858,4,2,1,1,14913724
4229,1,4,3,1,12922223
4406,5,3,2,0,13695995
2077,5,1,1,2,6579487
4508,4,2,3,2,13893717
3851,2,3,2,0,11765989
2849,1,2,1,0,8699132
4102,2,1,3,1,12560682
1741,2,2,2,1,5405557
1625,1,1,3,0,5044908
3101,1,1,3,0,9462540
1690,5,2,1,2,5523092
4631,5,2,1,0,14249522
4948,1,1,2,0,15082466
572,3,3,1,2,2000501
2414,5,4,2,0,7677443
2972,3,1,3,1,9255327
3546,1,2,3,1,10918206
1207,5,2,2,2,4087049
2304,2,3,3,0,7177609
4213,1,4,1,1,12826016
3064,4,1,3,1,9544228
2975,3,1,1,1,9239045
4110,1,4,2,1,12549965
4755,1,1,2,0,14398653
3323,5,4,3,0,10495492
2235,5,2,3,0,7168817
2085,5,4,1,0,6692770
566,4,1,1,1,1992042
3561,5,4,3,2,11159743
2928,1,3,3,2,9049461
4653,5,2,2,1,14425324
841,2,2,2,1,2821681
3274,5,4,2,2,10245250
3317,4,1,3,2,10384472
3161,2,3,3,1,9878438
1732,1,2,3,1,5448691
4374,1,2,2,0,13333314
2901,3,1,3,0,9053574
1994,2,1,1,2,6157214
4711,3,3,3,1,14629479
1161,2,4,3,2,3924153
4383,2,1,3,0,13425201
4119,4,4,3,0,12795274
2368,3,3,3,2,7528738
2834,4,4,1,0,8783985
3874,2,2,1,1,11946104
1516,1,4,3,2,4934444
4906,2,3,2,1,15081200
707,4,3,3,1,2552537
3165,3,3,3,0,9836985
2993,3,4,3,1,9355284
1132,4,2,2,2,3816678
2602,3,1,2,1,8060372
3459,5,2,2,1,10777632
3583,1,4,1,1,11006319
2431,1,4,2,1,7530033
4219,1,1,1,1,12849197
3062,3,4,1,0,9495112
2179,3,3,2,2,6821594
736,2,3,2,0,2444499
4943,2,3,2,2,15204409
2040,1,3,1,2,6293149
4443,5,3,3,2,13873703
863,2,4,2,2,2935083
2868,2,1,2,2,8845414
785,3,1,2,1,2760629
648,5,3,1,0,2259789
4537,1,4,1,0,13783993
2266,2,2,3,1,7096828
1512,5,2,2,2,5086787
3331,5,4,1,0,10401944
3007,1,3,3,1,9314712
2023,5,1,2,1,6432208
3285,5,4,1,0,10282931
3056,5,2,2,0,9544309
4225,2,2,2,2,12989766
2101,1,2,1,2,6531709
2908,5,3,1,0,9092294
840,5,2,1,2,2853725
3317,2,4,2,1,10275678
2996,1,4,2,2,9348106
2225,3,2,3,2,7003666
2189,2,4,2,1,6903695
3767,1,2,1,2,11430712
4906,5,2,2,1,15076009
761,1,1,3,2,2588018
1942,1,3,3,0,6120576
905,1,3,1,2,2952448
2690,3,1,1,0,8173911
4937,1,1,3,0,14983355
743,3,3,3,0,2619340
4607,5,2,3,0,14178546
1060,3,2,1,0,3412305
4637,5,3,3,1,14429332
3225,5,2,3,1,10049443
1093,3,1,1,1,3435035
2326,2,2,2,0,7143308
3729,4,2,2,2,11583724
3787,1,4,3,1,11643150
4573,4,4,2,2,14202902
633,1,4,2,2,2195050
3638,1,2,2,0,11198026
4419,5,3,2,0,13615125
572,1,1,3,0,1932588
4994,1,2,2,1,15152239
4725,3,3,2,0,14525010
3478,4,2,1,1,10759996
4861,3,1,3,1,14853343
2485,1,2,1,1,7617142
1292,5,1,1,1,4219654
4759,3,2,3,0,14577034
594,3,1,2,1,2098358
1633,2,2,1,0,5047445
737,1,1,3,0,2515550
3446,5,4,2,1,10855684
3030,3,2,3,0,9437437
2460,3,2,1,2,7812265
1548,5,3,2,0,5048535
3029,1,3,2,0,9337568
3464,2,1,3,1,10673134
1463,3,2,2,1,4738873
1036,2,1,1,0,3352805
4723,4,4,1,1,14576447
4179,1,3,1,2,12809089
4687,4,1,3,2,14423480
4224,4,1,2,1,12991692
1042,4,3,2,0,3577914
1345,1,2,2,2,4294842
4103,1,1,1,2,12481416
3536,5,3,2,0,10990337
2994,2,2,1,1,9250329
4985,2,4,2,2,15255926
3219,5,3,1,0,9983191
2384,5,1,2,0,7517746
4638,4,4,3,2,14273875
4849,5,2,3,1,15027553
3701,3,2,1,2,11411847
3210,2,3,1,0,9842359
2453,5,3,2,2,7805894
4350,3,3,2,1,13384033
1189,3,2,3,0,3857543
2450,3,4,2,1,7729228
956,3,2,1,2,3145530
2630,4,1,1,2,8205622
4476,3,2,1,1,13690213
4744,4,1,1,2,14524373
1679,4,4,1,1,5430924
4785,3,3,3,2,14794054
4065,2,3,3,1,12498761
1382,3,2,1,1,4435773
899,3,3,2,0,3042971
1108,3,4,1,0,3569806
2138,2,3,3,1,6792827
2648,1,2,1,2,8236822
1882,1,4,3,2,5971595
1903,4,1,3,2,6090440
1319,4,2,1,1,4266349
3792,2,1,1,1,11597030
1319,5,4,2,1,4452538
919,1,2,3,1,2927466
4719,4,2,2,0,14453693
3802,1,4,1,1,11661365
2008,2,3,3,2,6366748
1267,2,2,2,0,3982694
2544,5,2,2,2,8137013
2639,5,1,2,1,8257014
3529,2,3,1,0,10818788
2049,4,1,1,1,6428424
2264,1,1,1,0,6858065
3145,3,3,3,2,9844247
4216,5,3,1,1,13067605
4981,3,4,3,1,15329616
2793,4,3,2,0,8732190
3208,5,2,2,0,10044024
1400,3,3,1,1,4401243
3584,4,4,2,0,11109749
2509,1,4,1,1,7767671
741,4,4,3,0,2636663
2885,5,3,2,2,9087948
4768,2,3,1,0,14579084
1171,1,1,2,2,3681333
663,3,1,2,0,2347958
964,5,2,1,0,3154274
3542,2,1,2,1,10745400
2942,4,2,2,0,9209946
2855,2,4,2,0,8815802
4778,5,1,2,2,14685646
3057,5,3,3,0,9680236
1045,2,1,2,1,3340136
4335,4,2,2,2,13430518
1093,2,1,1,1,3438479
4304,5,4,3,1,13440126
1959,5,3,1,1,6251428
3993,3,2,1,1,12203009
3101,3,3,1,2,9709530
2944,1,3,3,0,9147823
3172,5,2,1,1,9849667
4700,3,3,1,2,14411080
516,2,3,1,1,1871811
3691,4,1,2,0,11333588
892,2,3,1,2,2899294
924,4,3,3,2,3245503
1071,3,3,3,0,3686524
4131,1,3,2,2,12655691
1620,2,2,3,0,5192490
741,2,4,3,2,2552128
4397,2,1,2,2,13459052
4595,4,3,1,0,14097019
2779,3,3,2,0,8750331
1288,2,2,1,2,4183934
1214,2,4,1,2,4055970
3349,1,3,3,0,10272225
1275,1,2,2,0,4016774
4526,3,1,3,2,13936758
2747,3,1,3,2,8548176
578,5,3,1,2,2160552
4426,1,3,3,0,13583448
1355,5,4,2,2,4527481
2648,4,4,3,1,8368832
1531,5,3,3,0,5014517
3771,2,2,1,2,11485814
4076,5,4,2,0,12720699
4682,3,3,3,1,14390716
3956,4,4,1,0,12187444
4006,2,3,3,2,12394453
907,5,1,2,1,3100469
3211,4,3,3,1,10036723
3588,4,1,3,2,11194531
2168,2,4,1,2,6775727
647,5,3,3,2,2332152
4827,4,4,1,0,14907662
4397,4,1,2,0,13459590
2450,1,3,3,0,7574052
865,4,4,2,2,2999273
2174,1,1,2,2,6724980
4994,5,4,3,0,15458287
3046,5,2,1,1,9557403
1062,5,1,2,0,3628255
4062,3,1,2,1,12432040
2989,5,1,3,2,9360099
